{"cameraMode":{"drawMode":0,"name":"Shaded","section":"Shading Mode"},"sceneLighting":true,"audioPlay":false,"sceneViewState":{"m_AlwaysRefresh":false,"showFog":true,"showSkybox":true,"showFlares":true,"showImageEffects":true,"showParticleSystems":true,"showVisualEffectGraphs":true,"m_FxEnabled":true},"in2DMode":false,"pivot":{"x":63.47246170043945,"y":13.416960716247559,"z":33.35285568237305},"rotation":{"x":0.30828407406806948,"y":-0.14844198524951936,"z":0.048781804740428928,"w":0.9384223818778992},"size":10.216711044311524,"orthographic":false}