{"cameraMode":{"drawMode":0,"name":"Shaded","section":"Shading Mode"},"sceneLighting":true,"audioPlay":false,"sceneViewState":{"m_AlwaysRefresh":false,"showFog":true,"showSkybox":true,"showFlares":true,"showImageEffects":true,"showParticleSystems":true,"showVisualEffectGraphs":true,"m_FxEnabled":true},"in2DMode":false,"pivot":{"x":183.55873107910157,"y":184.45697021484376,"z":-92.81439971923828},"rotation":{"x":0.23938824236392976,"y":-0.02416313625872135,"z":0.00595565652474761,"w":0.9706142544746399},"size":30.295419692993165,"orthographic":false}